Hugo_Symbol	Variant_Classification	Variant_Type	Chromosome	Start_Position	End_Position	Reference_Allele	Tumor_Seq_Allele2	Tumor_VAF_dilution	Tumor_VAF_intersection	ID
CYTH3	3'UTR	SNP	chr7	6164939	6164939	G	A	0.4409418982316853	0.4653919229409685	COLO829_reference
HDAC9	Intron	SNP	chr7	18654734	18654734	G	A	0.4390966761382409	0.4609992511856228	COLO829_reference
HDAC9	Intron	SNP	chr7	18654826	18654826	C	T	0.4108282674772036	0.4094898020940507	COLO829_reference
ITGB8	Splice_Region	SNP	chr7	20404620	20404620	C	T	0.5668442415017758	0.5105549776662791	COLO829_reference
ABCB5	Intron	SNP	chr7	20659006	20659006	C	T	0.4075856632818658	0.3757621189405297	COLO829_reference
NPSR1	Missense_Mutation	SNP	chr7	34658443	34658443	G	C	0.4837984376606023	0.5054823778586897	COLO829_reference
ANLN	Missense_Mutation	SNP	chr7	36420245	36420245	A	G	0.5293949771689497	0.4506342045638452	COLO829_reference
ABCA13	Missense_Mutation	SNP	chr7	48643293	48643293	G	A	0.4558964525407478	0.4464335664335664	COLO829_reference
COBL	Splice_Region	SNP	chr7	51017576	51017576	G	A	0.4384085213032581	0.4448925410872313	COLO829_reference
POM121L12	5'Flank	SNP	chr7	53035632	53035632	C	T	0.5264778325123153		COLO829_reference
FGL2	Silent	SNP	chr7	77196981	77196981	T	C	0.4645509317640465	0.5000338707492209	COLO829_reference
ATP5MF	Intron	SNP	chr7	99466003	99466003	A	T	0.5437405731523379		COLO829_reference
ATP5MF	Intron	SNP	chr7	99466004	99466004	G	A	0.5623342175066313		COLO829_reference
GIGYF1	Intron	SNP	chr7	100683266	100683266	G	A	0.4886485042735042	0.4682182805610223	COLO829_reference
EPHB4	Missense_Mutation	SNP	chr7	100819817	100819817	G	A	0.4017030729359496	0.4713382507903055	COLO829_reference
ACHE	Silent	SNP	chr7	100893810	100893810	G	A	0.4716149347728294	0.45454668169516	COLO829_reference
ACHE	Missense_Mutation	SNP	chr7	100893949	100893949	G	A	0.4197658139238894	0.4504522783614685	COLO829_reference
PLOD3	Silent	SNP	chr7	101210439	101210439	G	A	0.4429317094388864	0.4623309643667949	COLO829_reference
RELN	Missense_Mutation	SNP	chr7	103698005	103698005	C	T	0.4482557437039338	0.4687764404493142	COLO829_reference
PPP1R3A	Silent	SNP	chr7	113878248	113878248	C	T	0.4856913919413919	0.5000459379378459	COLO829_reference
AASS	Intron	SNP	chr7	122129243	122129243	G	A	0.5727272727272728		COLO829_reference
SLC13A1	Intron	SNP	chr7	123134580	123134580	C	T	0.4419642857142857	0.522901891252955	COLO829_reference
PLXNA4	Intron	SNP	chr7	132227641	132227641	G	A	0.6747291666666666	0.6446889400921659	COLO829_reference
BRAF	Missense_Mutation	SNP	chr7	140753336	140753336	A	T	0.6377250178231939	0.6435911717607742	COLO829_reference
MGAM	Intron	SNP	chr7	142025224	142025224	G	A	0.61255067865327	0.6771161159192237	COLO829_reference
TRBV23-1	Missense_Mutation	SNP	chr7	142646200	142646200	C	T	0.6083721567552755	0.6376329613843341	COLO829_reference
TRBV27	Intron	SNP	chr7	142715468	142715468	G	A	0.3181000674443583	0.3312479517598479	COLO829_reference
TRBV29-1	Nonsense_Mutation	SNP	chr7	142740722	142740722	G	T	0.3081487389758955	0.3122711389626891	COLO829_reference
ZNF786	Silent	SNP	chr7	149071266	149071266	C	T	0.4236984047172829	0.4736575869801824	COLO829_reference
ZNF862	Missense_Mutation	SNP	chr7	149860907	149860907	C	A	0.4634582491058933	0.4824740068280571	COLO829_reference
KCNH2	Missense_Mutation	SNP	chr7	150952580	150952580	G	A	0.4465099031498124	0.5094236658630351	COLO829_reference
MIOS	Intron	SNP	chr7	7574211	7574211	T	C	0.4485138627819548	0.4661406800133638	COLO829_reference
GHRHR	Intron	SNP	chr7	30972193	30972193	C	T	0.4984042553191489	0.4922415851038434	COLO829_reference
NPSR1	Intron	SNP	chr7	34834722	34834722	G	A	0.4283088235294117		COLO829_reference
ELMO1	Silent	SNP	chr7	37224976	37224976	A	G	0.0458687657094256	0.0483637214393619	COLO829_reference
GRB10	Intron	SNP	chr7	50616469	50616469	G	C	0.2071524966261808	0.2296296296296296	COLO829_reference
PSPH	Intron	SNP	chr7	56019743	56019743	G	A	0.4475483580746738		COLO829_reference
GUSBP6	Intron	SNP	chr7	64102774	64102774	C	A	0.2558139534883721	0.3715056130310367	COLO829_reference
PCLO	Silent	SNP	chr7	82758692	82758692	C	T	0.4565858962410686	0.4398321336738818	COLO829_reference
PON1	Intron	SNP	chr7	95315250	95315250	C	T	0.4421906693711966	0.4821574725814371	COLO829_reference
CYP3A5	Intron	SNP	chr7	99676761	99676761	C	T	0.4529914529914529	0.5048821548821549	COLO829_reference
CDHR3	Intron	SNP	chr7	106028739	106028739	C	T	0.4538373860182371	0.5903019744483159	COLO829_reference
DOCK4	Intron	SNP	chr7	111741050	111741050	C	T	0.2063876485279648	0.240330547112462	COLO829_reference
LMOD2	Intron	SNP	chr7	123663484	123663484	G	A	0.2727272727272727		COLO829_reference
AHCYL2	Intron	SNP	chr7	129426641	129426641	C	A	0.3784962211743427	0.3512663535726266	COLO829_reference
MGAM	Intron	SNP	chr7	142055810	142055810	C	T	0.6621794871794872	0.6796464276480221	COLO829_reference
MGAM2	Intron	SNP	chr7	142175575	142175575	G	A	0.2435897435897435	0.2934890042006424	COLO829_reference
Unknown	IGR	SNP	chr7	121315816	121315816	G	A	0.375	0.4996675531914893	COLO829_reference
NCF1	Intron	SNP	chr7	74777369	74777369	G	A	0.6773947951273533	0.708628580721604	COLO829_reference
SEMA3A	Intron	SNP	chr7	83985301	83985301	G	A	0.4422222222222222		COLO829_reference
ATP5MF	3'Flank	SNP	chr7	99458217	99458217	G	A	0.4156545209176787	0.5147058823529411	COLO829_reference
ACTR3B	Intron	SNP	chr7	152852006	152852006	C	T	0.9615942028985508		COLO829_reference
HDAC9	Intron	SNP	chr7	18585259	18585259	C	T	0.3523389232127096	0.3539130434782608	COLO829_reference
ENSR00000826348	IGR	SNP	chr7	63562573	63562573	C	A	0.3968641114982578	0.3571428571428571	COLO829_reference
DMTF1	Intron	SNP	chr7	87164842	87164842	A	G	0.4351851851851851		COLO829_reference
PRKRIP1	3'UTR	SNP	chr7	102425200	102425200	G	A	0.2368421052631578		COLO829_reference
MGAM2	Missense_Mutation	SNP	chr7	142196250	142196250	C	G	0.0323412698412697	0.0288639304862266	COLO829_reference
Unknown	IGR	SNP	chr7	109374647	109374647	C	T	0.28		COLO829_reference
ACTB	Intron	SNP	chr7	5561156	5561156	C	T	0.5214285714285715		COLO829_reference
PHKG1P4	3'Flank	SNP	chr7	57060532	57060532	C	T	0.3806341719077568	0.4477265697494587	COLO829_reference
PON2	Missense_Mutation	SNP	chr7	95424548	95424548	C	G	0.0327471090308369	0.0421203844926044	COLO829_reference
PRSS2	Intron	SNP	chr7	142761733	142761733	G	A	0.1154761904761904		COLO829_reference
MGAM	Missense_Mutation	SNP	chr7	142078388	142078388	G	T	0.0204678776600048		COLO829_reference
PKD1L1	Intron	SNP	chr7	47880985	47880985	G	C	0.2		COLO829_reference
TCAF2	Intron	SNP	chr7	143720761	143720761	T	C	0.4545454545454546		COLO829_reference
MGC4859	Intron	SNP	chr7	10626152	10626152	G	A	0.2058823529411764		COLO829_reference
SPDYE18	RNA	SNP	chr7	77052963	77052963	C	T		0.2582839346084378	COLO829_reference
ATP5MF	Intron	DNP	chr7	99466003	99466004	AG	TA		0.4772727272727273	COLO829_reference
CPED1	Intron	SNP	chr7	121266938	121266938	T	A		0.5238095238095238	COLO829_reference
CCDC136	Missense_Mutation	DNP	chr7	128807511	128807512	CC	TT		0.0330370025775291	COLO829_reference
ARHGEF34P	RNA	SNP	chr7	144286032	144286032	C	T		0.1990846681922196	COLO829_reference
