Hugo_Symbol	Chromosome	Start_Position	End_Position	Reference_Allele	Tumor_Seq_Allele2	Variant_Classification	Variant_Type	t_depth_COLO829_100_A_index1day2	Tumor_VAF_COLO829_100_A_index1day2	t_depth_COLO829_100_A_index2day2	Tumor_VAF_COLO829_100_A_index2day2	t_depth_COLO829_100_A_index3day2	Tumor_VAF_COLO829_100_A_index3day2	t_depth_COLO829_100_B_index1day1	Tumor_VAF_COLO829_100_B_index1day1	t_depth_COLO829_100_B_index1day2	Tumor_VAF_COLO829_100_B_index1day2	t_depth_COLO829_100_B_index3day2	Tumor_VAF_COLO829_100_B_index3day2	t_depth_filter	Tumor_VAF_median	STDEV	N_vafs	STDEV_filter	N_filter	Reference_filter	ID
CYTH3	chr7	6164939	6164939	G	A	3'UTR	SNP	369.0	0.4715447154471545	368.0	0.4592391304347826	766.0	0.4765013054830287	331.0	0.4954682779456193	385.0	0.4389610389610389	736.0	0.4361413043478261	PASS	0.4653919229409685	0.0209080859059574	6	PASS	PASS	PASS	COLO829_reference
MIOS	chr7	7574211	7574211	T	C	Intron	SNP	126.0	0.4841269841269841	136.0	0.4411764705882353	267.0	0.449438202247191	127.0	0.5433070866141733	167.0	0.4730538922155688	233.0	0.4592274678111588	PASS	0.4661406800133638	0.033662883895454	6	PASS	PASS	PASS	COLO829_reference
HDAC9	chr7	18585259	18585259	C	T	Intron	SNP	116.0	0.2758620689655172	115.0	0.3478260869565217	205.0	0.3804878048780488	100.0	0.36	138.0	0.3260869565217391	246.0	0.3902439024390244	PASS	0.3539130434782608	0.0379884623161762	6	PASS	PASS	PASS	COLO829_reference
HDAC9	chr7	18654734	18654734	G	A	Intron	SNP	403.0	0.4739454094292804	373.0	0.420911528150134	714.0	0.4495798319327731	401.0	0.4339152119700748	454.0	0.5044052863436124	707.0	0.4724186704384724	PASS	0.4609992511856228	0.0277895465366308	6	PASS	PASS	PASS	COLO829_reference
HDAC9	chr7	18654826	18654826	C	T	Intron	SNP	664.0	0.3810240963855422	589.0	0.3887945670628183	1066.0	0.399624765478424	651.0	0.4193548387096774	673.0	0.475482912332838	1139.0	0.4240561896400351	PASS	0.4094898020940507	0.0311881006431945	6	PASS	PASS	PASS	COLO829_reference
ITGB8	chr7	20404620	20404620	C	T	Splice_Region	SNP	116.0	0.4655172413793103	150.0	0.5066666666666667	274.0	0.5656934306569343	118.0	0.5084745762711864	114.0	0.5701754385964912	277.0	0.5126353790613718	PASS	0.5105549776662791	0.0363425678564392	6	PASS	PASS	PASS	COLO829_reference
ABCB5	chr7	20659006	20659006	C	T	Intron	SNP	534.0	0.3970037453183521	448.0	0.359375	967.0	0.3929679420889349	435.0	0.3747126436781609	542.0	0.3247232472324723	966.0	0.3768115942028985	PASS	0.3757621189405297	0.0240935490081464	6	PASS	PASS	PASS	COLO829_reference
NPSR1	chr7	34658443	34658443	G	C	Missense_Mutation	SNP	406.0	0.5049261083743842	422.0	0.495260663507109	828.0	0.5060386473429952	372.0	0.521505376344086	405.0	0.5481481481481482	797.0	0.49435382685069	PASS	0.5054823778586897	0.0185907268936621	6	PASS	PASS	PASS	COLO829_reference
ANLN	chr7	36420245	36420245	A	G	Missense_Mutation	SNP	353.0	0.4079320113314447	319.0	0.4764890282131661	658.0	0.4346504559270516	315.0	0.4888888888888889	334.0	0.4401197604790419	592.0	0.4611486486486486	PASS	0.4506342045638452	0.0271632560129889	6	PASS	PASS	PASS	COLO829_reference
ELMO1	chr7	37224976	37224976	A	G	Silent	SNP	1019.0	0.0471050049067713	927.0	0.0496224379719525	1813.0	0.0468836183121897	909.0	0.0638063806380638	1011.0	0.0385756676557863	1874.0	0.0506937033084311	PASS	0.0483637214393619	0.00750575989604	6	PASS	PASS	PASS	COLO829_reference
ABCA13	chr7	48643293	48643293	G	A	Missense_Mutation	SNP	356.0	0.4157303370786517	302.0	0.4768211920529801	627.0	0.4577352472089314	286.0	0.4405594405594406	325.0	0.4523076923076923	535.0	0.4392523364485981	PASS	0.4464335664335664	0.0187616276632046	6	PASS	PASS	PASS	COLO829_reference
COBL	chr7	51017576	51017576	G	A	Splice_Region	SNP	399.0	0.4411027568922305	468.0	0.4188034188034188	799.0	0.4493116395494368	350.0	0.4485714285714285	376.0	0.4813829787234042	791.0	0.4412136536030341	PASS	0.4448925410872313	0.0184971823552095	6	PASS	PASS	PASS	COLO829_reference
GUSBP6	chr7	64102774	64102774	C	A	Intron	SNP	130.0	0.3230769230769231	118.0	0.3728813559322034	285.0	0.4105263157894737	118.0	0.3983050847457627	137.0	0.3065693430656934	308.0	0.3701298701298701	PASS	0.3715056130310367	0.0374831480553569	6	PASS	PASS	PASS	COLO829_reference
NCF1	chr7	74777369	74777369	G	A	Intron	SNP	126.0	0.6825396825396826	148.0	0.7297297297297297	341.0	0.6832844574780058	114.0	0.8070175438596491	143.0	0.7062937062937062	301.0	0.7109634551495017	PASS	0.708628580721604	0.0422049439425005	6	PASS	PASS	PASS	COLO829_reference
SPDYE18	chr7	77052963	77052963	C	T	RNA	SNP	304.0	0.2927631578947368	302.0	0.2350993377483443	572.0	0.2814685314685314	257.0	0.22568093385214	323.0	0.2321981424148606	559.0	0.2862254025044722	PASS	0.2582839346084378	0.0282420979066724	6	PASS	PASS	PASS	COLO829_reference
FGL2	chr7	77196981	77196981	T	C	Silent	SNP	237.0	0.5232067510548524	229.0	0.4323144104803493	484.0	0.5082644628099173	244.0	0.4918032786885246	252.0	0.5158730158730159	465.0	0.4774193548387097	PASS	0.5000338707492209	0.0305005392905733	6	PASS	PASS	PASS	COLO829_reference
PCLO	chr7	82758692	82758692	C	T	Silent	SNP	249.0	0.4257028112449799	244.0	0.4631147540983606	467.0	0.4539614561027837	252.0	0.4087301587301587	271.0	0.4022140221402214	414.0	0.463768115942029	PASS	0.4398321336738818	0.0252312307319906	6	PASS	PASS	PASS	COLO829_reference
PON2	chr7	95424548	95424548	C	G	Missense_Mutation	SNP	291.0	0.0412371134020618	230.0	0.0521739130434782	500.0	0.026	233.0	0.0429184549356223	242.0	0.0413223140495867	496.0	0.0463709677419354	PASS	0.0421203844926044	0.0079566230453651	6	PASS	PASS	PASS	COLO829_reference
GIGYF1	chr7	100683266	100683266	G	A	Intron	SNP	283.0	0.4522968197879858	274.0	0.5218978102189781	626.0	0.4664536741214057	210.0	0.4761904761904761	274.0	0.4671532846715328	586.0	0.4692832764505119	PASS	0.4682182805610223	0.0219155949319171	6	PASS	PASS	PASS	COLO829_reference
ACHE	chr7	100893810	100893810	G	A	Silent	SNP	298.0	0.4429530201342282	357.0	0.4117647058823529	647.0	0.463678516228748	229.0	0.445414847161572	351.0	0.5327635327635327	534.0	0.4925093632958801	PASS	0.45454668169516	0.0388456603893132	6	PASS	PASS	PASS	COLO829_reference
ACHE	chr7	100893949	100893949	G	A	Missense_Mutation	SNP	356.0	0.497191011235955	350.0	0.4542857142857143	685.0	0.4335766423357664	275.0	0.4363636363636363	394.0	0.4517766497461929	688.0	0.4491279069767442	PASS	0.4504522783614685	0.0209041901514729	6	PASS	PASS	PASS	COLO829_reference
PLOD3	chr7	101210439	101210439	G	A	Silent	SNP	356.0	0.4016853932584269	347.0	0.446685878962536	670.0	0.4686567164179104	264.0	0.4621212121212121	292.0	0.5034246575342466	614.0	0.4625407166123778	PASS	0.4623309643667949	0.0303109558518887	6	PASS	PASS	PASS	COLO829_reference
RELN	chr7	103698005	103698005	C	T	Missense_Mutation	SNP	793.0	0.4577553593947036	829.0	0.4728588661037394	1487.0	0.464694014794889	691.0	0.5137481910274964	744.0	0.5013440860215054	1455.0	0.4426116838487972	PASS	0.4687764404493142	0.0246681285208767	6	PASS	PASS	PASS	COLO829_reference
DOCK4	chr7	111741050	111741050	C	T	Intron	SNP	188.0	0.1914893617021276	163.0	0.2453987730061349	369.0	0.2439024390243902	150.0	0.2266666666666666	160.0	0.2375	329.0	0.243161094224924	PASS	0.240330547112462	0.0188991191850638	6	PASS	PASS	PASS	COLO829_reference
PPP1R3A	chr7	113878248	113878248	C	T	Silent	SNP	663.0	0.4992458521870286	591.0	0.5008460236886633	1181.0	0.4597798475867908	598.0	0.5016722408026756	614.0	0.501628664495114	1201.0	0.4712739383846794	PASS	0.5000459379378459	0.0169969210376833	6	PASS	PASS	PASS	COLO829_reference
CCDC136	chr7	128807511	128807512	CC	TT	Missense_Mutation	DNP	514.0	0.046692607003891	577.0	0.0259965337954939	1057.0	0.042573320719016	80.0	0.0	507.0	0.0315581854043392	1043.0	0.034515819750719	PASS	0.0330370025775291	0.0151398048390508	5	PASS	PASS	PASS	COLO829_reference
AHCYL2	chr7	129426641	129426641	C	A	Intron	SNP	117.0	0.3846153846153846	156.0	0.2628205128205128	271.0	0.3616236162361623	132.0	0.3409090909090909	132.0	0.3257575757575757	255.0	0.3803921568627451	PASS	0.3512663535726266	0.0412445670423112	6	PASS	PASS	PASS	COLO829_reference
PLXNA4	chr7	132227641	132227641	G	A	Intron	SNP	217.0	0.6543778801843319	200.0	0.635	402.0	0.6616915422885572	174.0	0.6264367816091954	228.0	0.6798245614035088	381.0	0.6167979002624672	PASS	0.6446889400921659	0.0216656903273216	6	PASS	PASS	PASS	COLO829_reference
BRAF	chr7	140753336	140753336	A	T	Missense_Mutation	SNP	577.0	0.6516464471403813	530.0	0.6377358490566037	1084.0	0.6494464944649446	528.0	0.678030303030303	556.0	0.6366906474820144	1060.0	0.6216981132075472	PASS	0.6435911717607742	0.0173932393534565	6	PASS	PASS	PASS	COLO829_reference
MGAM	chr7	142025224	142025224	G	A	Intron	SNP	241.0	0.6804979253112033	273.0	0.6336996336996337	492.0	0.6747967479674797	231.0	0.7012987012987013	242.0	0.6735537190082644	496.0	0.6794354838709677	PASS	0.6771161159192237	0.0201736388996087	6	PASS	PASS	PASS	COLO829_reference
MGAM	chr7	142055810	142055810	C	T	Intron	SNP	283.0	0.6855123674911661	328.0	0.6737804878048781	619.0	0.6704361873990307	258.0	0.7403100775193798	276.0	0.6920289855072463	571.0	0.6462346760070052	PASS	0.6796464276480221	0.0287202779028975	6	PASS	PASS	PASS	COLO829_reference
MGAM2	chr7	142196250	142196250	C	G	Missense_Mutation	SNP	601.0	0.0299500831946755	610.0	0.021311475409836	1200.0	0.035	432.0	0.0277777777777777	549.0	0.02367941712204	1171.0	0.031596925704526	PASS	0.0288639304862266	0.0046351083651697	6	PASS	PASS	PASS	COLO829_reference
TRBV23-1	chr7	142646200	142646200	C	T	Missense_Mutation	SNP	722.0	0.6648199445983379	563.0	0.6447602131438721	1226.0	0.6305057096247961	644.0	0.6708074534161491	646.0	0.6130030959752322	1228.0	0.6066775244299675	PASS	0.6376329613843341	0.024160373165605	6	PASS	PASS	PASS	COLO829_reference
TRBV27	chr7	142715468	142715468	G	A	Intron	SNP	855.0	0.3368421052631579	791.0	0.3463969658659924	1606.0	0.325653798256538	796.0	0.3517587939698492	828.0	0.3031400966183575	1627.0	0.3189920098340504	PASS	0.3312479517598479	0.0165798480764756	6	PASS	PASS	PASS	COLO829_reference
TRBV29-1	chr7	142740722	142740722	G	T	Nonsense_Mutation	SNP	821.0	0.3300852618757612	894.0	0.3277404921700224	1649.0	0.299575500303214	787.0	0.3074968233799237	880.0	0.3170454545454545	1695.0	0.3044247787610619	PASS	0.3122711389626891	0.0115319780849482	6	PASS	PASS	PASS	COLO829_reference
ARHGEF34P	chr7	144286032	144286032	C	T	RNA	SNP	111.0	0.2342342342342342	115.0	0.208695652173913	219.0	0.1735159817351598	95.0	0.1894736842105263	95.0	0.2526315789473684	210.0	0.1857142857142857	PASS	0.1990846681922196	0.0280101090454852	6	PASS	PASS	PASS	COLO829_reference
ZNF786	chr7	149071266	149071266	C	T	Silent	SNP	367.0	0.438692098092643	371.0	0.4932614555256064	723.0	0.4868603042876901	306.0	0.4477124183006536	369.0	0.4769647696476964	742.0	0.4703504043126684	PASS	0.4736575869801824	0.019767800854655	6	PASS	PASS	PASS	COLO829_reference
ZNF862	chr7	149860907	149860907	C	A	Missense_Mutation	SNP	537.0	0.4823091247672253	566.0	0.4840989399293286	1097.0	0.4667274384685506	446.0	0.5089686098654709	576.0	0.4826388888888889	1027.0	0.4800389483933788	PASS	0.4824740068280571	0.0125305117892688	6	PASS	PASS	PASS	COLO829_reference
KCNH2	chr7	150952580	150952580	G	A	Missense_Mutation	SNP	412.0	0.5121359223300971	398.0	0.4422110552763819	720.0	0.5333333333333333	298.0	0.5067114093959731	321.0	0.5233644859813084	744.0	0.4758064516129032	PASS	0.5094236658630351	0.0310035409183052	6	PASS	PASS	PASS	COLO829_reference
